{
	"position" : 	{
		"mapping" : 		{
			"source" : 1,
			"function" : [ 1.0, 0.0, 100.0, 0.0, 0.0, 0, 0.0, 1.0, 100.0, 0, 0.0, "curve" ]
		}
,
		"envBPF" : 		{
			"function" : [ 1.0, 0.0, 5.0, 0.0, 0.0, 0, 0.0, 1.0, 5.0, 0, 0.0, "curve" ],
			"duration" : [ 1, 1.0, 0.0, 0 ],
			"sustainMode" : 0
		}
,
		"envSteps" : 		{
			"list" : [ 1, 2, 3 ],
			"playMode" : 0
		}
,
		"source" : 0,
		"unit" : 1,
		"envMaster" : 1,
		"mixOp" : 0,
		"envType" : 0,
		"value" : 0.0
	}
,
	"positionVar" : 	{
		"mapping" : 		{
			"source" : 3,
			"function" : [ 1.0, 0.0, 258.0, 0.10061, 0.0, 0, 0.0, 1.0, 258.0, 0, 0.6, "curve" ]
		}
,
		"envBPF" : 		{
			"function" : [ 1.0, 0.0, 5.0, 0.0, 0.0, 0, 0.0, 1.0, 5.0, 0, 0.0, "curve" ],
			"duration" : [ 0, 528.0, 1.0, 0 ],
			"sustainMode" : 0
		}
,
		"envSteps" : 		{
			"list" : [ 1, 2, 3 ],
			"playMode" : 0
		}
,
		"source" : 0,
		"unit" : 0,
		"envMaster" : 0,
		"mixOp" : 0,
		"envType" : 0,
		"value" : 0.0
	}
,
	"pitch" : 	{
		"mapping" : 		{
			"source" : 23,
			"function" : [ 1.0, -21.0, 25.0, 0.0, -0.688312, 0, 0.0, 0.0, -4.272727, 0, 0.0, 0.10061, 8.87013, 0, 0.0, 0.204268, 16.636364, 0, 0.0, 0.295732, -6.064935, 0, 0.0, 0.423781, 6.480519, 0, 0.0, 0.539634, -3.675325, 0, 0.0, 0.734756, 4.090909, 0, 0.0, 0.826219, 1.103896, 0, 0.0, 1.0, 4.090909, 0, 0.0, "curve" ]
		}
,
		"envBPF" : 		{
			"function" : [ 1.0, 0.0, 5.0, 0.0, 0.0, 0, 0.0, 1.0, 5.0, 0, 0.0, "curve" ],
			"duration" : [ 1, 1.0, 0.0, 0 ],
			"sustainMode" : 0
		}
,
		"envSteps" : 		{
			"list" : [ 1, 2, 3 ],
			"playMode" : 0
		}
,
		"source" : 1,
		"unit" : 1,
		"envMaster" : 0,
		"mixOp" : 0,
		"envType" : 0,
		"value" : 0.0
	}
,
	"pitchVar" : 	{
		"mapping" : 		{
			"source" : 3,
			"function" : [ 1.0, 0.0, 15.0, 0.0, 0.0, 0, 0.0, 1.0, 15.0, 0, 0.0, "curve" ]
		}
,
		"envBPF" : 		{
			"function" : [ 1.0, 0.0, 5.0, 0.0, 0.0, 0, 0.0, 1.0, 5.0, 0, 0.0, "curve" ],
			"duration" : [ 1, 1.0, 0.0, 0 ],
			"sustainMode" : 0
		}
,
		"envSteps" : 		{
			"list" : [ 1, 2, 3 ],
			"playMode" : 0
		}
,
		"source" : 0,
		"unit" : 1,
		"envMaster" : 0,
		"mixOp" : 0,
		"envType" : 0,
		"value" : 0.0
	}
,
	"length" : 	{
		"mapping" : 		{
			"source" : 23,
			"function" : [ 1.0, 10.0, 100.0, 0.0, 10.0, 0, 0.0, 1.0, 100.0, 0, 0.0, "curve" ]
		}
,
		"envBPF" : 		{
			"function" : [ 1.0, 0.0, 5.0, 0.0, 0.0, 0, 0.0, 1.0, 5.0, 0, 0.0, "curve" ],
			"duration" : [ 1, 1.0, 0.0, 0 ],
			"sustainMode" : 0
		}
,
		"envSteps" : 		{
			"list" : [ 1, 2, 3 ],
			"playMode" : 0
		}
,
		"source" : 1,
		"unit" : 0,
		"envMaster" : 0,
		"mixOp" : 0,
		"envType" : 0,
		"value" : 100.0
	}
,
	"overlap" : 	{
		"mapping" : 		{
			"source" : 0,
			"function" : [ 1.0, 0.0, 4.0, 0.14939, 0.0, 0, 0.0, 1.0, 4.0, 0, 0.4, "curve" ]
		}
,
		"envBPF" : 		{
			"function" : [ 1.0, 0.0, 5.0, 0.0, 0.0, 0, 0.0, 1.0, 5.0, 0, 0.0, "curve" ],
			"duration" : [ 1, 1.0, 0.0, 0 ],
			"sustainMode" : 0
		}
,
		"envSteps" : 		{
			"list" : [ 1, 2, 3 ],
			"playMode" : 0
		}
,
		"source" : 0,
		"unit" : 1,
		"envMaster" : 0,
		"mixOp" : 0,
		"envType" : 0,
		"value" : 0.0
	}
,
	"amp" : 	{
		"mapping" : 		{
			"source" : 23,
			"function" : [ 1.0, 0.0, 1.0, 0.0, 1.0, 0, 0.0, 1.0, 0.0, 0, 0.5, "curve" ]
		}
,
		"envBPF" : 		{
			"function" : [ 1.0, 0.0, 5.0, 0.0, 0.0, 0, 0.0, 1.0, 5.0, 0, 0.0, "curve" ],
			"duration" : [ 1, 1.0, 0.0, 0 ],
			"sustainMode" : 0
		}
,
		"envSteps" : 		{
			"list" : [ 1, 2, 3 ],
			"playMode" : 0
		}
,
		"source" : 1,
		"unit" : 1,
		"envMaster" : 0,
		"mixOp" : 0,
		"envType" : 0,
		"value" : 1.0
	}
,
	"pan" : 	{
		"mapping" : 		{
			"source" : 23,
			"function" : [ 1.0, 0.0, 1.0, 0.0, 0.0, 0, 0.0, 1.0, 1.0, 0, 0.0, "curve" ]
		}
,
		"envBPF" : 		{
			"function" : [ 1.0, 0.0, 5.0, 0.0, 0.0, 0, 0.0, 1.0, 5.0, 0, 0.0, "curve" ],
			"duration" : [ 1, 1.0, 0.0, 0 ],
			"sustainMode" : 0
		}
,
		"envSteps" : 		{
			"list" : [ 1, 2, 3 ],
			"playMode" : 0
		}
,
		"source" : 1,
		"unit" : 1,
		"envMaster" : 0,
		"mixOp" : 0,
		"envType" : 0,
		"value" : 0.7
	}
,
	"envBuffer" : 	{
		"mapping" : 		{
			"source" : 1,
			"function" : [ 1.0, 0.0, 1.0, 0.0, 0.0, 0, 0.0, 1.0, 1.0, 0, 0.0, "curve" ]
		}
,
		"envBPF" : 		{
			"function" : [ 1.0, 0.0, 5.0, 0.0, 0.0, 0, 0.0, 1.0, 5.0, 0, 0.0, "curve" ],
			"duration" : [ 1, 1.0, 0.0, 0 ],
			"sustainMode" : 0
		}
,
		"envSteps" : 		{
			"list" : [ 1, 2, 3 ],
			"playMode" : 0
		}
,
		"source" : 0,
		"unit" : 1,
		"envMaster" : 0,
		"mixOp" : 0,
		"envType" : 0,
		"value" : 2.0
	}
,
	"LFO1" : 	{
		"mapping" : 		{
			"source" : 1,
			"function" : [ 1.0, 0.0, 1.0, 0.0, 0.0, 0, 0.0, 1.0, 1.0, 0, 0.0, "curve" ]
		}
,
		"envBPF" : 		{
			"function" : [ 1.0, 0.0, 5.0, 0.0, 0.0, 0, 0.0, 1.0, 5.0, 0, 0.0, "curve" ],
			"duration" : [ 1, 1.0, 0.0, 0 ],
			"sustainMode" : 0
		}
,
		"envSteps" : 		{
			"list" : [ 1, 2, 3 ],
			"playMode" : 0
		}
,
		"source" : 0,
		"unit" : 1,
		"envMaster" : 0,
		"mixOp" : 0,
		"envType" : 0,
		"value" : 0.4967
	}
,
	"LFO2" : 	{
		"mapping" : 		{
			"source" : 1,
			"function" : [ 1.0, 0.0, 1.0, 0.0, 0.0, 0, 0.0, 1.0, 1.0, 0, 0.0, "curve" ]
		}
,
		"envBPF" : 		{
			"function" : [ 1.0, 0.0, 5.0, 0.0, 0.0, 0, 0.0, 1.0, 5.0, 0, 0.0, "curve" ],
			"duration" : [ 1, 1.0, 0.0, 0 ],
			"sustainMode" : 0
		}
,
		"envSteps" : 		{
			"list" : [ 1, 2, 3 ],
			"playMode" : 0
		}
,
		"source" : 0,
		"unit" : 1,
		"envMaster" : 0,
		"mixOp" : 0,
		"envType" : 0,
		"value" : 0.502
	}
,
	"clock" : 	{
		"clock" : 		{
			"clockSource" : 0,
			"noteValuesPlayMode" : "*",
			"noteValuesMappingSource" : "*",
			"noteValuesList" : "*",
			"noteValuesListPlayMode" : "*",
			"noteValuesQuantize" : "*"
		}
,
		"clockSource" : 2,
		"noteValuesQuantize" : 0,
		"noteValuesPlayMode" : 0,
		"noteValuesListPlayMode" : 0,
		"noteValuesMappingSource" : 0,
		"noteValuesList" : [ "8n", "16n", "16n" ],
		"burstGrainsCount" : 50
	}
,
	"comment" : "burst of 50 grains - variable delay",
	"preserveGrainSize" : 0,
	"envMaster" : "position",
	"delay" : 	{
		"mapping" : 		{
			"source" : 19,
			"function" : [ 1.0, 0.2, 1.0, 0.0, 0.2, 0, 0.0, 1.0, 1.0, 0, 0.0, "curve" ]
		}
,
		"envBPF" : 		{
			"function" : [ 1.0, 0.0, 1000.0, 0.0, 0.0, 0, 0.0, 1.0, 1000.0, 0, 0.0, "curve" ],
			"duration" : [ 0, 100.0, 1.0, 0 ],
			"sustainMode" : 0
		}
,
		"envSteps" : 		{
			"list" : [ 1, 2, 3 ],
			"playMode" : 0
		}
,
		"source" : 3,
		"unit" : 0,
		"envMaster" : 0,
		"mixOp" : 0,
		"envType" : 0,
		"value" : 0.0
	}
,
	"pitchRoundness" : 0.0,
	"LFO2Unit" : 0
}
